<?xml version="1.0" encoding="UTF-8"?>
<!-- Created with TexturePacker http://www.codeandweb.com/texturepacker-->
<!-- $TexturePacker:SmartUpdate:306ae62a1826456726cb4da060997589:1da7fc40c54c9fd88d15b3027260818e:86e318a537b6eb593b54398f29ff3514$ -->
<!--Format:
n  => name of the sprite
x  => sprite x pos in texture
y  => sprite y pos in texture
w  => sprite width (may be trimmed)
h  => sprite height (may be trimmed)
pX => x pos of the pivot point (relative to sprite width)
pY => y pos of the pivot point (relative to sprite height)
oX => sprite's x-corner offset (only available if trimmed)
oY => sprite's y-corner offset (only available if trimmed)
oW => sprite's original width (only available if trimmed)
oH => sprite's original height (only available if trimmed)
r => 'y' only set if sprite is rotated
with polygon mode enabled:
vertices   => points in sprite coordinate system (x0,y0,x1,y1,x2,y2, ...)
verticesUV => points in sheet coordinate system (x0,y0,x1,y1,x2,y2, ...)
triangles  => sprite triangulation, 3 vertex indices per triangle
-->
<TextureAtlas imagePath="Appear.png" width="256" height="256">
    <sprite n="01.png" x="3" y="3" w="6" h="80" pX="0.666667" pY="0.5125"/>
    <sprite n="02.png" x="3" y="155" w="21" h="64" pX="0.571429" pY="0.515625"/>
    <sprite n="03.png" x="28" y="219" w="40" h="32" pX="0.49375" pY="0.48438"/>
    <sprite n="04.png" x="95" y="61" w="60" h="52" pX="0.485417" pY="0.472361"/>
    <sprite n="05.png" x="28" y="155" w="64" h="60" pX="0.484375" pY="0.469797"/>
    <sprite n="06.png" x="3" y="87" w="64" h="64" pX="0.484375" pY="0.468755"/>
    <sprite n="07.png" x="13" y="3" w="64" h="64" pX="0.484375" pY="0.46875"/>
    <sprite n="08.png" x="106" y="3" w="54" h="52" pX="0.481481" pY="0.442308"/>
    <sprite n="09.png" x="159" y="101" w="41" h="41" pX="0.536585" pY="0.463415"/>
    <sprite n="10.png" x="134" y="146" w="34" h="41" pX="0.558824" pY="0.487805"/>
    <sprite n="11.png" x="96" y="117" w="34" h="43" pX="0.558824" pY="0.511628"/>
    <sprite n="12.png" x="96" y="164" w="31" h="45" pX="0.483871" pY="0.533333"/>
    <sprite n="13.png" x="81" y="3" w="21" h="54" pX="0.52381" pY="0.592593"/>
    <sprite n="14.png" x="71" y="71" w="20" h="55" pX="0.5" pY="0.6"/>
    <sprite n="15.png" x="164" y="3" w="67" h="47" pX="0.522388" pY="0.489362"/>
    <sprite n="16.png" x="164" y="54" w="67" h="43" pX="0.507463" pY="0.465116"/>
    <sprite n="17.png" x="204" y="101" w="37" h="45" pX="0.540541" pY="0.488889"/>
</TextureAtlas>
