<?xml version="1.0" encoding="UTF-8"?>
<!-- Created with TexturePacker http://www.codeandweb.com/texturepacker-->
<!-- $TexturePacker:SmartUpdate:b5ca9e7a0c6d07c92e8bd90765ab1db9:ccd4e92e9a15eb692b9320c4c650f0c2:7216484f0be034e39c19bc8dfc7cbef5$ -->
<!--Format:
n  => name of the sprite
x  => sprite x pos in texture
y  => sprite y pos in texture
w  => sprite width (may be trimmed)
h  => sprite height (may be trimmed)
pX => x pos of the pivot point (relative to sprite width)
pY => y pos of the pivot point (relative to sprite height)
oX => sprite's x-corner offset (only available if trimmed)
oY => sprite's y-corner offset (only available if trimmed)
oW => sprite's original width (only available if trimmed)
oH => sprite's original height (only available if trimmed)
r => 'y' only set if sprite is rotated
with polygon mode enabled:
vertices   => points in sprite coordinate system (x0,y0,x1,y1,x2,y2, ...)
verticesUV => points in sheet coordinate system (x0,y0,x1,y1,x2,y2, ...)
triangles  => sprite triangulation, 3 vertex indices per triangle
-->
<TextureAtlas imagePath="Explosion01.png" width="128" height="256">
    <sprite n="g01.png" x="91" y="101" w="32" h="32" pX="0.5" pY="0.5"/>
    <sprite n="g02.png" x="103" y="3" w="16" h="16" pX="0.5" pY="0.5"/>
    <sprite n="g03.png" x="85" y="137" w="28" h="28" pX="0.5" pY="0.5"/>
    <sprite n="g04.png" x="49" y="135" w="32" h="31" pX="0.5" pY="0.5"/>
    <sprite n="g05.png" x="49" y="101" w="38" h="30" pX="0.5" pY="0.5"/>
    <sprite n="g06.png" x="3" y="101" w="42" h="38" pX="0.5" pY="0.5"/>
    <sprite n="g07.png" x="3" y="56" w="44" h="41" pX="0.5" pY="0.5"/>
    <sprite n="g08.png" x="53" y="54" w="44" h="43" pX="0.5" pY="0.5"/>
    <sprite n="g09.png" x="53" y="3" w="46" h="47" pX="0.5" pY="0.5"/>
    <sprite n="g10.png" x="3" y="3" w="46" h="49" pX="0.5" pY="0.5"/>
</TextureAtlas>
