<?xml version="1.0" encoding="UTF-8"?>
<!-- Created with TexturePacker http://www.codeandweb.com/texturepacker-->
<!-- $TexturePacker:SmartUpdate:5fb2e4612b7eddf1de5b3121c7019f14:acd5afe053a9d59ad6cc39726d89972f:706d156a4541af535622f9b61f9cfa6b$ -->
<!--Format:
n  => name of the sprite
x  => sprite x pos in texture
y  => sprite y pos in texture
w  => sprite width (may be trimmed)
h  => sprite height (may be trimmed)
pX => x pos of the pivot point (relative to sprite width)
pY => y pos of the pivot point (relative to sprite height)
oX => sprite's x-corner offset (only available if trimmed)
oY => sprite's y-corner offset (only available if trimmed)
oW => sprite's original width (only available if trimmed)
oH => sprite's original height (only available if trimmed)
r => 'y' only set if sprite is rotated
with polygon mode enabled:
vertices   => points in sprite coordinate system (x0,y0,x1,y1,x2,y2, ...)
verticesUV => points in sheet coordinate system (x0,y0,x1,y1,x2,y2, ...)
triangles  => sprite triangulation, 3 vertex indices per triangle
-->
<TextureAtlas imagePath="HoldOnAttack.png" width="256" height="256">
    <sprite n="00.png" x="3" y="67" w="28" h="58" pX="0.321429" pY="0.5"/>
    <sprite n="01.png" x="35" y="67" w="35" h="57" pX="0.457143" pY="0.508772"/>
    <sprite n="02.png" x="3" y="193" w="89" h="59" pX="0.786517" pY="0.491525"/>
    <sprite n="03.png" x="99" y="3" w="90" h="60" pX="0.788888" pY="0.483333"/>
    <sprite n="04.png" x="3" y="3" w="92" h="60" pX="0.793478" pY="0.483333"/>
    <sprite n="05.png" x="3" y="129" w="72" h="60" pX="0.736112" pY="0.483333"/>
    <sprite n="06.png" x="193" y="3" w="35" h="59" pX="0.457143" pY="0.491525"/>
    <sprite n="07.png" x="193" y="66" w="35" h="59" pX="0.457143" pY="0.491525"/>
</TextureAtlas>
