<?xml version="1.0" encoding="UTF-8"?>
<!-- Created with TexturePacker http://www.codeandweb.com/texturepacker-->
<!-- $TexturePacker:SmartUpdate:91c193efd9f7d18cae6c670ef7178166:001cabc8153aa12d70b40542a39889b4:71bfd8277652ef23d320757ec92d8732$ -->
<!--Format:
n  => name of the sprite
x  => sprite x pos in texture
y  => sprite y pos in texture
w  => sprite width (may be trimmed)
h  => sprite height (may be trimmed)
pX => x pos of the pivot point (relative to sprite width)
pY => y pos of the pivot point (relative to sprite height)
oX => sprite's x-corner offset (only available if trimmed)
oY => sprite's y-corner offset (only available if trimmed)
oW => sprite's original width (only available if trimmed)
oH => sprite's original height (only available if trimmed)
r => 'y' only set if sprite is rotated
with polygon mode enabled:
vertices   => points in sprite coordinate system (x0,y0,x1,y1,x2,y2, ...)
verticesUV => points in sheet coordinate system (x0,y0,x1,y1,x2,y2, ...)
triangles  => sprite triangulation, 3 vertex indices per triangle
-->
<TextureAtlas imagePath="IdleAttack.png" width="256" height="256">
    <sprite n="00.png" x="61" y="120" w="40" h="46" pX="0.475" pY="0.521739"/>
    <sprite n="01.png" x="61" y="184" w="46" h="49" pX="0.627174" pY="0.55102"/>
    <sprite n="02.png" x="3" y="184" w="54" h="59" pX="0.592593" pY="0.610169"/>
    <sprite n="03.png" x="107" y="78" w="95" h="63" pX="0.252632" pY="0.650794"/>
    <sprite n="04.png" x="109" y="3" w="101" h="71" pX="0.247525" pY="0.577465"/>
    <sprite n="05.png" x="3" y="3" w="102" h="62" pX="0.245098" pY="0.5"/>
    <sprite n="06.png" x="3" y="69" w="100" h="47" pX="0.25" pY="0.340426"/>
    <sprite n="07.png" x="111" y="145" w="70" h="47" pX="0.357143" pY="0.340426"/>
    <sprite n="08.png" x="3" y="120" w="50" h="42" pX="0.5" pY="0.380952"/>
    <sprite n="09.png" x="206" y="100" w="47" h="38" pX="0.531915" pY="0.421053"/>
    <sprite n="10.png" x="206" y="142" w="47" h="38" pX="0.531915" pY="0.421053"/>
    <sprite n="11.png" x="111" y="196" w="47" h="38" pX="0.531915" pY="0.421053"/>
    <sprite n="12.png" x="214" y="53" w="39" h="43" pX="0.564103" pY="0.511628"/>
    <sprite n="13.png" x="214" y="3" w="39" h="46" pX="0.487179" pY="0.521739"/>
</TextureAtlas>
