<?xml version="1.0" encoding="UTF-8"?>
<!-- Created with TexturePacker http://www.codeandweb.com/texturepacker-->
<!-- $TexturePacker:SmartUpdate:be97e0fcccac71a008601e78f3e213b0:411a43d30b42a4f93a71f373dde44aa8:de9df130b825f218a5ab899a8f6693af$ -->
<!--Format:
n  => name of the sprite
x  => sprite x pos in texture
y  => sprite y pos in texture
w  => sprite width (may be trimmed)
h  => sprite height (may be trimmed)
pX => x pos of the pivot point (relative to sprite width)
pY => y pos of the pivot point (relative to sprite height)
oX => sprite's x-corner offset (only available if trimmed)
oY => sprite's y-corner offset (only available if trimmed)
oW => sprite's original width (only available if trimmed)
oH => sprite's original height (only available if trimmed)
r => 'y' only set if sprite is rotated
with polygon mode enabled:
vertices   => points in sprite coordinate system (x0,y0,x1,y1,x2,y2, ...)
verticesUV => points in sheet coordinate system (x0,y0,x1,y1,x2,y2, ...)
triangles  => sprite triangulation, 3 vertex indices per triangle
-->
<TextureAtlas imagePath="Jump.png" width="128" height="256">
    <sprite n="00.png" x="34" y="110" w="25" h="48" pX="0.6" pY="0.5"/>
    <sprite n="01.png" x="63" y="116" w="23" h="51" pX="0.608696" pY="0.509804"/>
    <sprite n="02.png" x="30" y="162" w="23" h="53" pX="0.586957" pY="0.5"/>
    <sprite n="03.png" x="3" y="161" w="23" h="57" pX="0.586957" pY="0.5"/>
    <sprite n="04.png" x="3" y="104" w="27" h="53" pX="0.574074" pY="0.5"/>
    <sprite n="05.png" x="3" y="3" w="34" h="50" pX="0.558824" pY="0.5"/>
    <sprite n="06.png" x="41" y="3" w="32" h="52" pX="0.5625" pY="0.5"/>
    <sprite n="07.png" x="77" y="58" w="29" h="54" pX="0.568966" pY="0.5"/>
    <sprite n="08.png" x="77" y="3" w="31" h="51" pX="0.564516" pY="0.5"/>
    <sprite n="09.png" x="39" y="59" w="29" h="47" pX="0.568966" pY="0.5"/>
    <sprite n="10.png" x="3" y="57" w="32" h="43" pX="0.5625" pY="0.5"/>
</TextureAtlas>
