<?xml version="1.0" encoding="UTF-8"?>
<!-- Created with TexturePacker http://www.codeandweb.com/texturepacker-->
<!-- $TexturePacker:SmartUpdate:8fd48a47ff8fc22188b39490b4e4dbc6:4b5f1416651854e6fe3c7fc427b1a75c:f4aa5cd05b021caa1544fe12cf18f810$ -->
<!--Format:
n  => name of the sprite
x  => sprite x pos in texture
y  => sprite y pos in texture
w  => sprite width (may be trimmed)
h  => sprite height (may be trimmed)
pX => x pos of the pivot point (relative to sprite width)
pY => y pos of the pivot point (relative to sprite height)
oX => sprite's x-corner offset (only available if trimmed)
oY => sprite's y-corner offset (only available if trimmed)
oW => sprite's original width (only available if trimmed)
oH => sprite's original height (only available if trimmed)
r => 'y' only set if sprite is rotated
with polygon mode enabled:
vertices   => points in sprite coordinate system (x0,y0,x1,y1,x2,y2, ...)
verticesUV => points in sheet coordinate system (x0,y0,x1,y1,x2,y2, ...)
triangles  => sprite triangulation, 3 vertex indices per triangle
-->
<TextureAtlas imagePath="JumpAttack.png" width="256" height="128">
    <sprite n="00.png" x="44" y="70" w="32" h="54" pX="0.59375" pY="0.5"/>
    <sprite n="01.png" x="88" y="3" w="37" h="60" pX="0.554054" pY="0.516667"/>
    <sprite n="02.png" x="129" y="3" w="53" h="59" pX="0.358491" pY="0.576271"/>
    <sprite n="03.png" x="3" y="3" w="81" h="63" pX="0.358025" pY="0.539683"/>
    <sprite n="04.png" x="140" y="66" w="99" h="58" pX="0.373737" pY="0.465517"/>
    <sprite n="05.png" x="80" y="70" w="56" h="51" pX="0.678571" pY="0.392157"/>
    <sprite n="06.png" x="186" y="3" w="45" h="51" pX="0.6" pY="0.392157"/>
    <sprite n="07.png" x="3" y="70" w="37" h="55" pX="0.567568" pY="0.436364"/>
</TextureAtlas>
