<?xml version="1.0" encoding="UTF-8"?>
<!-- Created with TexturePacker http://www.codeandweb.com/texturepacker-->
<!-- $TexturePacker:SmartUpdate:f299c9101cc8309d9134a1379bfc384c:9d537e56fda2c6f2c2ccb851e6814dd2:ed982377c07a778df57b538fb5e157cd$ -->
<!--Format:
n  => name of the sprite
x  => sprite x pos in texture
y  => sprite y pos in texture
w  => sprite width (may be trimmed)
h  => sprite height (may be trimmed)
pX => x pos of the pivot point (relative to sprite width)
pY => y pos of the pivot point (relative to sprite height)
oX => sprite's x-corner offset (only available if trimmed)
oY => sprite's y-corner offset (only available if trimmed)
oW => sprite's original width (only available if trimmed)
oH => sprite's original height (only available if trimmed)
r => 'y' only set if sprite is rotated
with polygon mode enabled:
vertices   => points in sprite coordinate system (x0,y0,x1,y1,x2,y2, ...)
verticesUV => points in sheet coordinate system (x0,y0,x1,y1,x2,y2, ...)
triangles  => sprite triangulation, 3 vertex indices per triangle
-->
<TextureAtlas imagePath="Run.png" width="128" height="256">
    <sprite n="02.png" x="91" y="99" w="32" h="46" pX="0.6875" pY="0.5"/>
    <sprite n="03.png" x="47" y="98" w="40" h="44" pX="0.65" pY="0.5"/>
    <sprite n="04.png" x="3" y="3" w="48" h="43" pX="0.625" pY="0.511628"/>
    <sprite n="05.png" x="55" y="3" w="48" h="43" pX="0.625" pY="0.511628"/>
    <sprite n="06.png" x="47" y="146" w="39" h="44" pX="0.666667" pY="0.5"/>
    <sprite n="07.png" x="95" y="50" w="30" h="45" pX="0.7" pY="0.511111"/>
    <sprite n="08.png" x="81" y="198" w="27" h="46" pX="0.740741" pY="0.5"/>
    <sprite n="09.png" x="90" y="149" w="35" h="45" pX="0.685714" pY="0.511111"/>
    <sprite n="10.png" x="3" y="98" w="40" h="45" pX="0.65" pY="0.511111"/>
    <sprite n="11.png" x="3" y="50" w="42" h="44" pX="0.642857" pY="0.5"/>
    <sprite n="12.png" x="49" y="50" w="42" h="44" pX="0.642857" pY="0.5"/>
    <sprite n="13.png" x="3" y="147" w="38" h="45" pX="0.657895" pY="0.511111"/>
    <sprite n="14.png" x="45" y="194" w="32" h="46" pX="0.6875" pY="0.5"/>
    <sprite n="15.png" x="3" y="198" w="27" h="47" pX="0.740741" pY="0.510638"/>
</TextureAtlas>
