<?xml version="1.0" encoding="UTF-8"?>
<!-- Created with TexturePacker http://www.codeandweb.com/texturepacker-->
<!-- $TexturePacker:SmartUpdate:0471c404d7551aa4971019d60d41ff86:e2584e48fd7751859af41af12897351c:de9df130b825f218a5ab899a8f6693af$ -->
<!--Format:
n  => name of the sprite
x  => sprite x pos in texture
y  => sprite y pos in texture
w  => sprite width (may be trimmed)
h  => sprite height (may be trimmed)
pX => x pos of the pivot point (relative to sprite width)
pY => y pos of the pivot point (relative to sprite height)
oX => sprite's x-corner offset (only available if trimmed)
oY => sprite's y-corner offset (only available if trimmed)
oW => sprite's original width (only available if trimmed)
oH => sprite's original height (only available if trimmed)
r => 'y' only set if sprite is rotated
with polygon mode enabled:
vertices   => points in sprite coordinate system (x0,y0,x1,y1,x2,y2, ...)
verticesUV => points in sheet coordinate system (x0,y0,x1,y1,x2,y2, ...)
triangles  => sprite triangulation, 3 vertex indices per triangle
-->
<TextureAtlas imagePath="Jump.png" width="128" height="256">
    <sprite n="00.png" x="88" y="58" w="34" h="48" pX="0.323529" pY="0.5"/>
    <sprite n="01.png" x="88" y="3" w="34" h="51" pX="0.323529" pY="0.470588"/>
    <sprite n="02.png" x="87" y="163" w="34" h="53" pX="0.382353" pY="0.471698"/>
    <sprite n="03.png" x="3" y="3" w="34" h="57" pX="0.411765" pY="0.491228"/>
    <sprite n="04.png" x="47" y="106" w="37" h="53" pX="0.432432" pY="0.528302"/>
    <sprite n="05.png" x="3" y="121" w="40" h="50" pX="0.5" pY="0.54"/>
    <sprite n="06.png" x="45" y="50" w="39" h="52" pX="0.461538" pY="0.5"/>
    <sprite n="07.png" x="3" y="64" w="38" h="53" pX="0.447368" pY="0.490566"/>
    <sprite n="08.png" x="3" y="175" w="38" h="51" pX="0.394737" pY="0.490196"/>
    <sprite n="09.png" x="45" y="175" w="38" h="47" pX="0.368421" pY="0.468085"/>
    <sprite n="10.png" x="41" y="3" w="42" h="43" pX="0.428572" pY="0.465116"/>
</TextureAtlas>
