<?xml version="1.0" encoding="UTF-8"?>
<!-- Created with TexturePacker http://www.codeandweb.com/texturepacker-->
<!-- $TexturePacker:SmartUpdate:1a58a5ede099bb927f397a2ed9e27e5e:9a90fd0a809087b5c8524ce00e90abf7:f4aa5cd05b021caa1544fe12cf18f810$ -->
<!--Format:
n  => name of the sprite
x  => sprite x pos in texture
y  => sprite y pos in texture
w  => sprite width (may be trimmed)
h  => sprite height (may be trimmed)
pX => x pos of the pivot point (relative to sprite width)
pY => y pos of the pivot point (relative to sprite height)
oX => sprite's x-corner offset (only available if trimmed)
oY => sprite's y-corner offset (only available if trimmed)
oW => sprite's original width (only available if trimmed)
oH => sprite's original height (only available if trimmed)
r => 'y' only set if sprite is rotated
with polygon mode enabled:
vertices   => points in sprite coordinate system (x0,y0,x1,y1,x2,y2, ...)
verticesUV => points in sheet coordinate system (x0,y0,x1,y1,x2,y2, ...)
triangles  => sprite triangulation, 3 vertex indices per triangle
-->
<TextureAtlas imagePath="JumpAttack.png" width="128" height="256">
    <sprite n="00.png" x="88" y="58" w="34" h="48" pX="0.5" pY="0.5"/>
    <sprite n="01.png" x="88" y="3" w="34" h="51" pX="0.5" pY="0.470588"/>
    <sprite n="02.png" x="87" y="163" w="34" h="53" pX="0.5" pY="0.45283"/>
    <sprite n="03.png" x="3" y="3" w="34" h="57" pX="0.5" pY="0.473684"/>
    <sprite n="04.png" x="47" y="106" w="37" h="53" pX="0.540541" pY="0.471698"/>
    <sprite n="05.png" x="3" y="121" w="40" h="50" pX="0.575" pY="0.48"/>
    <sprite n="06.png" x="45" y="50" w="39" h="52" pX="0.564103" pY="0.480769"/>
    <sprite n="07.png" x="3" y="64" w="38" h="53" pX="0.526316" pY="0.471698"/>
    <sprite n="08.png" x="3" y="175" w="38" h="51" pX="0.526316" pY="0.470588"/>
    <sprite n="09.png" x="45" y="175" w="38" h="47" pX="0.526316" pY="0.531915"/>
    <sprite n="10.png" x="41" y="3" w="42" h="43" pX="0.571429" pY="0.581395"/>
</TextureAtlas>
