<?xml version="1.0" encoding="UTF-8"?>
<!-- Created with TexturePacker http://www.codeandweb.com/texturepacker-->
<!-- $TexturePacker:SmartUpdate:cd8d55add3569dd2002809eb8745b78e:047b082e0f48a257e6fb074f4647b3af:ed982377c07a778df57b538fb5e157cd$ -->
<!--Format:
n  => name of the sprite
x  => sprite x pos in texture
y  => sprite y pos in texture
w  => sprite width (may be trimmed)
h  => sprite height (may be trimmed)
pX => x pos of the pivot point (relative to sprite width)
pY => y pos of the pivot point (relative to sprite height)
oX => sprite's x-corner offset (only available if trimmed)
oY => sprite's y-corner offset (only available if trimmed)
oW => sprite's original width (only available if trimmed)
oH => sprite's original height (only available if trimmed)
r => 'y' only set if sprite is rotated
with polygon mode enabled:
vertices   => points in sprite coordinate system (x0,y0,x1,y1,x2,y2, ...)
verticesUV => points in sheet coordinate system (x0,y0,x1,y1,x2,y2, ...)
triangles  => sprite triangulation, 3 vertex indices per triangle
-->
<TextureAtlas imagePath="Run.png" width="256" height="256">
    <sprite n="02.png" x="3" y="197" w="45" h="46" pX="0.488889" pY="0.5"/>
    <sprite n="03.png" x="60" y="51" w="50" h="44" pX="0.54" pY="0.5"/>
    <sprite n="04.png" x="3" y="3" w="54" h="43" pX="0.574074" pY="0.511628"/>
    <sprite n="05.png" x="3" y="50" w="53" h="43" pX="0.566038" pY="0.511628"/>
    <sprite n="06.png" x="114" y="51" w="48" h="44" pX="0.520833" pY="0.5"/>
    <sprite n="07.png" x="95" y="196" w="43" h="45" pX="0.465116" pY="0.511111"/>
    <sprite n="08.png" x="52" y="196" w="39" h="46" pX="0.410256" pY="0.5"/>
    <sprite n="09.png" x="166" y="52" w="46" h="45" pX="0.5" pY="0.511111"/>
    <sprite n="10.png" x="3" y="97" w="49" h="45" pX="0.530612" pY="0.511111"/>
    <sprite n="11.png" x="61" y="3" w="53" h="44" pX="0.566038" pY="0.5"/>
    <sprite n="12.png" x="118" y="3" w="52" h="44" pX="0.557692" pY="0.5"/>
    <sprite n="13.png" x="174" y="3" w="50" h="45" pX="0.54" pY="0.511111"/>
    <sprite n="14.png" x="48" y="146" w="44" h="46" pX="0.477273" pY="0.5"/>
    <sprite n="15.png" x="3" y="146" w="41" h="47" pX="0.439024" pY="0.510638"/>
</TextureAtlas>
